op,duration,duration_pred,gap,gap_pred,total,total_pred
conv2d,102.264,79.3339614868164,118.007,139.37509155273438,220.27100000000002,218.70905303955078
batchnorm,30.398,16.00364112854004,513.242,547.45654296875,543.64,563.46018409729
relu,11.487,6.519815921783447,237.326,261.9364929199219,248.813,268.4563088417053
max_pool2d,29.438,20.180566787719727,317.608,351.62217712402344,347.046,371.80274391174316
batchnorm,18.559,25.231225967407227,559.446,588.5527954101562,578.005,613.7840213775635
relu,5.664,5.707239627838135,255.629,255.73748016357422,261.293,261.44471979141235
conv2d,40.605,41.11191940307617,329.095,179.2867228190104,369.70000000000005,220.39864222208658
batchnorm,26.654,26.997212092081707,549.432,570.4864705403646,576.086,597.4836826324463
relu,7.807,8.398803075154623,257.261,249.59194946289062,265.06800000000004,257.99075253804523
conv2d,89.401,88.37290954589844,95.033,84.35778999328613,184.434,172.73069953918457
cat,13.855,15.687265396118164,163.508,170.46926879882812,177.363,186.1565341949463
batchnorm,24.286,26.35448694229126,551.255,584.982177734375,575.5409999999999,611.3366646766663
relu,6.911,6.5247368812561035,245.678,247.8998031616211,252.589,254.4245400428772
conv2d,49.788,45.0711669921875,167.284,170.7599639892578,217.072,215.8311309814453
batchnorm,26.493,28.049936771392822,543.064,570.6038513183594,569.557,598.6537880897522
relu,7.68,8.179529428482056,238.446,249.08894729614258,246.126,257.26847672462463
conv2d,88.921,94.3972053527832,96.345,101.96925735473633,185.26600000000002,196.36646270751953
cat,17.407,19.408586502075195,160.564,165.91049194335938,177.971,185.31907844543457
batchnorm,26.749,25.242151260375977,552.536,589.5777893066406,579.285,614.8199405670166
relu,7.647,8.052919626235962,245.134,253.33396530151367,252.78099999999998,261.38688492774963
conv2d,58.267,61.95542812347412,165.012,153.40119552612305,223.279,215.35662364959717
batchnorm,26.751,25.581384658813477,548.438,566.5951232910156,575.189,592.1765079498291
relu,7.968,8.163820385932922,235.662,252.34090042114258,243.63,260.5047208070755
conv2d,89.274,81.1547966003418,99.576,99.37999725341797,188.85,180.53479385375977
cat,20.383,20.869349002838135,159.316,172.4268341064453,179.699,193.29618310928345
batchnorm,27.581,28.687052249908447,700.492,583.2426452636719,728.073,611.9296975135803
relu,8.832,7.661325812339783,243.95,247.25950241088867,252.78199999999998,254.92082822322845
conv2d,66.426,66.56759738922119,156.277,149.90907669067383,222.70299999999997,216.47667407989502
batchnorm,27.005,23.456315994262695,537.433,578.6115570068359,564.438,602.0678730010986
relu,7.839,7.538591742515564,234.831,250.92999649047852,242.67,258.4685882329941
conv2d,89.177,104.13324165344238,99.641,111.59422492980957,188.818,215.72746658325195
cat,23.646,19.192468643188477,158.996,165.50036239624023,182.642,184.6928310394287
batchnorm,33.79,38.269283294677734,538.679,565.0175476074219,572.4689999999999,603.2868309020996
relu,9.504,9.308984875679016,253.453,253.43799591064453,262.957,262.74698078632355
conv2d,74.938,91.25669479370117,146.229,132.19404220581055,221.16700000000003,223.45073699951172
batchnorm,26.815,25.454355239868164,534.103,577.3021240234375,560.918,602.7564792633057
relu,7.68,8.418657541275024,234.351,258.9877586364746,242.031,267.40641617774963
conv2d,89.561,97.63815689086914,104.088,117.36689949035645,193.649,215.0050563812256
cat,27.262,29.081400394439697,156.66,164.1441993713379,183.922,193.2255997657776
batchnorm,37.694,41.90388822555542,532.28,571.0078887939453,569.9739999999999,612.9117770195007
relu,10.143,9.896982192993164,243.182,252.20822143554688,253.325,262.10520362854004
conv2d,90.873,96.70176315307617,131.286,122.21929740905762,222.159,218.9210605621338
batchnorm,26.558,24.827234268188477,535.033,574.4935607910156,561.591,599.3207950592041
relu,7.711,8.033090949058533,236.494,258.3127555847168,244.205,266.34584653377533
conv2d,89.049,92.18692398071289,98.137,123.30963706970215,187.186,215.49656105041504
cat,30.494,31.842630863189697,312.073,164.24557876586914,342.567,196.08820962905884
batchnorm,43.198,55.382347106933594,505.337,531.2069244384766,548.535,586.5892715454102
relu,11.391,12.571901321411133,230.607,245.26796340942383,241.998,257.83986473083496
conv2d,101.464,74.72458744049072,90.137,101.04666900634766,191.601,175.77125644683838
avg_pool2d,15.167,13.183954238891602,321.128,326.6004867553711,336.29499999999996,339.7844409942627
batchnorm,21.823,27.308947563171387,546.775,576.5065460205078,568.598,603.8154935836792
relu,4.864,4.770571231842041,250.829,244.45396423339844,255.693,249.22453546524048
conv2d,56.924,38.90727615356445,161.14,179.30430221557617,218.064,218.21157836914062
batchnorm,20.959,25.483064651489258,547.958,571.2783660888672,568.9169999999999,596.7614307403564
relu,4.768,6.113413333892822,243.406,242.67167282104492,248.174,248.78508615493774
conv2d,89.049,72.79538440704346,92.313,113.44706344604492,181.36200000000002,186.24244785308838
cat,9.76,13.485620498657227,167.379,178.97531127929688,177.13899999999998,192.4609317779541
batchnorm,21.375,24.19803810119629,560.278,582.4713134765625,581.653,606.6693515777588
relu,5.343,5.762033939361572,228.303,240.80841827392578,233.646,246.57045221328735
conv2d,40.189,42.27323532104492,162.932,172.65819549560547,203.12099999999998,214.9314308166504
batchnorm,21.407,22.143884658813477,542.711,565.3593597412109,564.118,587.5032444000244
relu,5.215,5.8557305335998535,238.287,242.929443359375,243.502,248.78517389297485
conv2d,88.633,75.79460906982422,92.409,115.46827507019043,181.042,191.26288414001465
cat,11.391,11.668176651000977,166.548,176.392822265625,177.939,188.06099891662598
batchnorm,26.59,28.65362787246704,731.658,581.1139984130859,758.248,609.767626285553
relu,5.183,6.3985161781311035,248.75,241.6530990600586,253.933,248.0516152381897
conv2d,73.466,48.953521728515625,144.31,164.90832901000977,217.776,213.8618507385254
batchnorm,20.925,23.754167556762695,541.464,574.4174346923828,562.389,598.1716022491455
relu,4.832,6.6012749671936035,239.886,241.81789016723633,244.718,248.41916513442993
conv2d,89.306,74.46152877807617,95.64,110.41852188110352,184.946,184.8800506591797
cat,13.088,12.904909133911133,173.331,173.04737854003906,186.41899999999998,185.9522876739502
batchnorm,28.029,26.95926856994629,541.848,582.7308502197266,569.877,609.6901187896729
relu,5.344,6.112833499908447,222.927,240.1862030029297,228.271,246.29903650283813
conv2d,52.252,51.509647369384766,150.293,161.42850875854492,202.54500000000002,212.9381561279297
batchnorm,21.407,22.438020706176758,541.495,575.4898376464844,562.902,597.9278583526611
relu,4.96,5.449442386627197,236.238,245.7785301208496,241.198,251.2279725074768
conv2d,89.242,76.52415084838867,102.84,125.74353790283203,192.082,202.2676887512207
cat,14.559,13.106622695922852,163.251,177.56806564331055,177.81,190.6746883392334
batchnorm,32.797,31.46113157272339,540.217,573.9792175292969,573.014,605.4403491020203
relu,5.599,6.930735111236572,244.75,242.8900146484375,250.349,249.82074975967407
conv2d,90.201,64.79883289337158,128.855,145.39914321899414,219.05599999999998,210.19797611236572
batchnorm,21.342,20.676347732543945,540.152,567.1123504638672,561.494,587.7886981964111
relu,4.832,6.249277591705322,247.501,244.33661651611328,252.333,250.5858941078186
conv2d,88.602,79.00642013549805,247.245,120.95580291748047,335.847,199.96222305297852
cat,16.095,18.857690811157227,173.331,169.88563919067383,189.426,188.74333000183105
batchnorm,34.269,43.241329193115234,540.152,563.7021026611328,574.421,606.943431854248
relu,5.824,7.771707892417908,222.415,239.62988662719727,228.239,247.40159451961517
conv2d,64.923,66.78896903991699,139.702,140.34156799316406,204.625,207.13053703308105
batchnorm,21.502,22.187158584594727,542.552,569.6185913085938,564.054,591.8057498931885
relu,4.832,6.38292932510376,237.902,242.9591827392578,242.73399999999998,249.34211206436157
conv2d,88.761,85.87704849243164,109.496,122.09773635864258,198.257,207.97478485107422
cat,17.599,17.453989028930664,162.163,166.85089492797852,179.762,184.30488395690918
batchnorm,35.262,42.8331413269043,540.504,556.6865234375,575.7660000000001,599.5196647644043
relu,5.855,7.666544198989868,253.389,237.55926895141602,259.244,245.22581315040588
conv2d,75.292,71.62171268463135,167.058,137.9927520751953,242.35,209.61446475982666
batchnorm,21.535,23.572389602661133,545.335,570.8722229003906,566.87,594.4446125030518
relu,4.96,6.598536014556885,237.262,246.98455810546875,242.222,253.58309412002563
conv2d,89.337,79.77079010009766,114.616,129.55831718444824,203.953,209.3291072845459
cat,19.23,18.465402603149414,165.844,166.6195182800293,185.07399999999998,185.0849208831787
batchnorm,39.932,43.13491439819336,530.649,563.2672424316406,570.581,606.402156829834
relu,6.752,7.832857370376587,225.359,239.25383758544922,232.11100000000002,247.0866949558258
conv2d,77.338,75.27814865112305,127.959,130.28115844726562,205.297,205.55930709838867
batchnorm,21.31,21.208711624145508,697.804,566.4439697265625,719.1139999999999,587.652681350708
relu,4.896,6.316568851470947,241.678,244.71599578857422,246.57399999999998,251.03256464004517
conv2d,89.337,79.14288711547852,119.607,126.79377555847168,208.94400000000002,205.9366626739502
cat,20.67,21.831750869750977,159.861,167.12942123413086,180.531,188.96117210388184
batchnorm,41.468,49.97983169555664,554.839,554.977783203125,596.307,604.9576148986816
relu,7.04,8.590463638305664,263.852,238.9459457397461,270.892,247.53640937805176
conv2d,82.553,82.77093887329102,160.373,125.14054298400879,242.926,207.9114818572998
batchnorm,21.567,22.328203201293945,545.367,568.2070770263672,566.934,590.5352802276611
relu,4.863,6.293764591217041,242.734,243.267333984375,247.597,249.56109857559204
conv2d,88.857,83.56015014648438,121.304,130.19162559509277,210.161,213.75177574157715
cat,22.91,19.81644630432129,161.14,165.0113296508789,184.04999999999998,184.8277759552002
batchnorm,45.756,48.36628341674805,565.846,548.967529296875,611.602,597.333812713623
relu,6.944,8.677156567573547,225.423,236.14805603027344,232.367,244.82521259784698
conv2d,90.009,86.54902648925781,112.696,124.45976448059082,202.70499999999998,211.00879096984863
batchnorm,21.375,23.595918655395508,541.495,568.6691436767578,562.87,592.2650623321533
relu,4.896,6.471216678619385,243.981,247.10535430908203,248.87699999999998,253.57657098770142
conv2d,88.506,78.84756851196289,124.214,136.29186630249023,212.72,215.13943481445312
cat,24.351,21.250398635864258,165.459,164.5161895751953,189.81,185.76658821105957
batchnorm,47.869,50.67150115966797,685.421,554.7290802001953,733.2900000000001,605.4005813598633
relu,7.135,8.58665668964386,255.405,239.15885543823242,262.54,247.74551212787628
conv2d,91.257,91.9945297241211,149.205,116.34097862243652,240.46200000000002,208.33550834655762
batchnorm,21.567,21.104516983032227,549.942,566.1534576416016,571.509,587.2579746246338
relu,4.96,6.198923587799072,251.117,245.2098503112793,256.077,251.40877389907837
conv2d,89.402,78.37542724609375,130.838,134.46175003051758,220.24,212.83717727661133
cat,26.302,25.18303108215332,157.269,164.45751953125,183.571,189.64055061340332
batchnorm,48.763,57.08108139038086,534.329,546.0032196044922,583.092,603.084300994873
relu,7.423,9.495973587036133,223.536,238.20377731323242,230.959,247.69975090026855
conv2d,102.04,96.30262756347656,101.593,113.23855590820312,203.633,209.5411834716797
batchnorm,21.501,21.8022403717041,559.639,566.3123168945312,581.14,588.1145572662354
relu,4.864,6.000986576080322,239.15,244.35136795043945,244.014,250.35235452651978
conv2d,89.466,82.97704696655273,114.103,141.06055450439453,203.569,224.03760147094727
cat,27.646,24.913698196411133,169.715,163.19465255737305,197.361,188.10835075378418
batchnorm,53.148,60.888665199279785,488.892,520.7761993408203,542.04,581.6648645401001
relu,7.871,12.432962417602539,235.758,240.91505813598633,243.62900000000002,253.34802055358887
conv2d,156.596,139.76551246643066,26.751,73.29862689971924,183.347,213.0641393661499
avg_pool2d,9.471,14.860971570014954,329.64,325.4039306640625,339.111,340.26490223407745
batchnorm,31.676,31.95978832244873,540.825,564.1358947753906,572.5010000000001,596.0956830978394
relu,4.511,3.6091561317443848,227.408,238.8599967956543,231.91899999999998,242.46915292739868
conv2d,40.796,49.0449104309082,316.105,167.50991821289062,356.901,216.55482864379883
batchnorm,20.351,24.816499710083008,550.742,565.9649505615234,571.093,590.7814502716064
relu,4.224,4.65087366104126,231.791,228.96556091308594,236.015,233.6164345741272
conv2d,70.075,64.28700542449951,153.332,143.20355606079102,223.40699999999998,207.49056148529053
cat,7.967,13.295442581176758,168.852,177.08048248291016,176.81900000000002,190.3759250640869
batchnorm,33.692,35.500346183776855,540.473,565.4782867431641,574.165,600.9786329269409
relu,4.608,4.945139408111572,226.671,234.05424118041992,231.279,238.9993805885315
conv2d,44.989,44.60422897338867,157.684,163.59465789794922,202.673,208.1988868713379
batchnorm,20.574,23.64470863342285,537.72,566.5522155761719,558.294,590.1969242095947
relu,4.224,5.2839837074279785,223.279,232.8676528930664,227.503,238.15163660049438
conv2d,70.076,67.96353721618652,148.148,149.63119506835938,218.224,217.5947322845459
cat,9.503,9.651079177856445,168.595,175.1712532043457,178.098,184.82233238220215
batchnorm,34.045,31.563807487487793,544.217,561.0439147949219,578.262,592.6077222824097
relu,4.639,5.330996036529541,227.055,229.5838851928711,231.69400000000002,234.91488122940063
conv2d,48.637,51.76007843017578,154.004,163.27839279174805,202.641,215.03847122192383
batchnorm,20.479,23.842470169067383,554.518,568.4258422851562,574.9970000000001,592.2683124542236
relu,4.256,5.097574710845947,224.783,232.2235221862793,229.039,237.32109689712524
conv2d,70.011,64.38027000427246,152.565,146.16718673706055,222.576,210.547456741333
cat,10.079,11.204225659370422,170.323,177.04079055786133,180.40200000000002,188.24501621723175
batchnorm,38.205,31.822542667388916,691.661,570.7707672119141,729.866,602.593309879303
relu,4.639,5.512056827545166,231.695,233.45473861694336,236.334,238.96679544448853
conv2d,52.572,51.02112579345703,153.141,159.10455322265625,205.713,210.12567901611328
batchnorm,20.447,20.875749588012695,543.063,567.7356719970703,563.51,588.611421585083
relu,4.351,4.5037407875061035,221.68,232.0480499267578,226.031,236.55179071426392
conv2d,70.138,66.58751773834229,153.205,159.09284591674805,223.34300000000002,225.68036365509033
cat,11.167,12.260339736938477,173.139,174.62998962402344,184.306,186.8903293609619
batchnorm,40.286,41.68673324584961,535.032,552.5601654052734,575.318,594.246898651123
relu,4.703,5.8564629554748535,235.151,232.5028953552246,239.854,238.35935831069946
conv2d,57.147,59.35035991668701,148.086,151.46226119995117,205.233,210.81262111663818
batchnorm,20.542,21.541902542114258,546.967,559.1237487792969,567.509,580.6656513214111
relu,4.192,4.509974002838135,221.455,226.6637306213379,225.64700000000002,231.17370462417603
conv2d,70.01,68.35694599151611,164.021,168.80909729003906,234.031,237.16604328155518
cat,12.639,12.514162063598633,167.316,172.69660568237305,179.955,185.21076774597168
batchnorm,44.284,47.04600143432617,532.056,549.6152038574219,576.34,596.661205291748
relu,4.64,5.681131839752197,227.343,228.44332122802734,231.98299999999998,234.12445306777954
conv2d,60.827,62.697336196899414,144.47,146.81214904785156,205.297,209.50948524475098
batchnorm,20.607,23.147592544555664,540.183,557.7983245849609,560.79,580.9459171295166
relu,4.288,4.18847131729126,222.447,227.59493255615234,226.735,231.7834038734436
conv2d,70.012,66.61096000671387,304.808,174.34154510498047,374.82,240.95250511169434
cat,13.535,13.133302688598633,180.179,173.0079460144043,193.714,186.14124870300293
batchnorm,45.627,46.6217155456543,548.44,548.2774200439453,594.067,594.8991355895996
relu,4.832,5.517580509185791,225.935,228.8512191772461,230.767,234.36879968643188
conv2d,64.699,62.73851680755615,140.086,140.7552833557129,204.78500000000003,203.49380016326904
batchnorm,20.382,21.07469367980957,541.688,556.238525390625,562.0699999999999,577.3132190704346
relu,4.256,4.4258904457092285,227.087,227.6641502380371,231.343,232.09004068374634
conv2d,70.01,66.60094165802002,165.3,171.98004150390625,235.31,238.58098316192627
cat,14.431,14.626405715942383,167.924,171.77425003051758,182.35500000000002,186.40065574645996
batchnorm,46.492,50.80380630493164,533.592,546.3262939453125,580.084,597.1301002502441
relu,4.832,6.294397830963135,225.359,230.15387344360352,230.191,236.44827127456665
conv2d,68.475,69.70137119293213,135.158,138.9463005065918,203.63299999999998,208.64767169952393
batchnorm,20.447,21.949983596801758,543.863,556.7886505126953,564.3100000000001,578.7386341094971
relu,4.256,4.466028690338135,222.543,226.2724838256836,226.799,230.73851251602173
conv2d,70.074,68.31982135772705,177.14,174.85041046142578,247.214,243.17023181915283
cat,15.519,13.614343643188477,170.611,170.6968002319336,186.13,184.31114387512207
batchnorm,50.619,51.88750076293945,530.617,543.1524047851562,581.236,595.0399055480957
relu,4.896,6.20257043838501,225.743,227.21994018554688,230.63899999999998,233.42251062393188
conv2d,72.763,72.6263427734375,129.718,136.53512573242188,202.481,209.16146850585938
batchnorm,20.382,22.973276138305664,697.644,556.8865356445312,718.026,579.8598117828369
relu,4.256,4.2003960609436035,223.76,227.34572219848633,228.016,231.54611825942993
conv2d,70.203,66.79790306091309,172.946,179.84395217895508,243.149,246.64185523986816
cat,16.48,14.432878494262695,165.843,171.49414443969727,182.32299999999998,185.92702293395996
batchnorm,52.573,54.044708251953125,520.152,540.4346466064453,572.725,594.4793548583984
relu,4.96,5.949137210845947,225.679,227.34930801391602,230.639,233.29844522476196
conv2d,77.914,73.24209976196289,124.599,130.84523010253906,202.513,204.08732986450195
batchnorm,20.511,20.727746963500977,546.391,556.2063293457031,566.9019999999999,576.9340763092041
relu,4.191,4.399927616119385,222.544,227.53937149047852,226.735,231.9392991065979
conv2d,69.979,66.15949249267578,176.914,179.0550422668457,246.89299999999997,245.21453475952148
cat,17.663,16.115266799926758,167.027,169.7800178527832,184.69,185.89528465270996
batchnorm,56.124,56.93705749511719,522.106,538.75537109375,578.23,595.6924285888672
relu,4.959,6.701601505279541,230.319,229.2611961364746,235.278,235.96279764175415
conv2d,75.323,81.04439163208008,138.549,129.1549472808838,213.872,210.19933891296387
batchnorm,20.446,21.846399307250977,547.0,556.1282196044922,567.446,577.9746189117432
relu,4.288,4.429171085357666,221.903,226.2445945739746,226.191,230.67376565933228
conv2d,70.458,68.11983966827393,179.411,181.25724029541016,249.869,249.37707996368408
cat,18.687,14.917749404907227,165.811,169.10727310180664,184.49800000000002,184.02502250671387
batchnorm,57.916,57.604652404785156,671.63,536.8431396484375,729.546,594.4477920532227
relu,4.96,6.6990838050842285,243.342,226.46781158447266,248.30200000000002,233.16689538955688
conv2d,78.266,83.79435348510742,134.518,128.00803756713867,212.784,211.8023910522461
batchnorm,20.446,22.72098731994629,544.759,557.3553009033203,565.205,580.0762882232666
relu,4.16,4.228128910064697,222.448,227.24876022338867,226.608,231.47688913345337
conv2d,69.947,66.94111442565918,181.682,186.2325210571289,251.629,253.1736354827881
cat,19.518,16.047571182250977,166.964,169.98202896118164,186.482,186.02960014343262
batchnorm,59.036,61.792494773864746,512.121,533.075927734375,571.1569999999999,594.8684225082397
relu,4.96,6.3162713050842285,226.831,226.65126419067383,231.791,232.96753549575806
conv2d,81.883,84.40447235107422,133.461,122.87678527832031,215.344,207.28125762939453
batchnorm,20.415,20.293886184692383,536.344,556.9706420898438,556.759,577.2645282745361
relu,4.255,4.3990960121154785,222.864,227.50796508789062,227.119,231.9070611000061
conv2d,70.81,65.4702615737915,186.098,187.3029022216797,256.908,252.7731637954712
cat,20.639,17.840089797973633,161.14,167.88965606689453,181.779,185.72974586486816
batchnorm,62.683,63.47001838684082,520.121,531.6930084228516,582.804,595.1630268096924
relu,5.056,7.098482608795166,231.087,229.0461654663086,236.143,236.14464807510376
conv2d,86.01,92.91463470458984,126.038,121.13997459411621,212.048,214.05460929870605
batchnorm,20.511,21.748247146606445,543.735,556.0552673339844,564.246,577.8035144805908
relu,4.224,4.410990238189697,227.887,226.23889541625977,232.111,230.64988565444946
conv2d,70.042,67.743577003479,187.698,188.27906799316406,257.74,256.02264499664307
cat,21.695,16.47385597229004,314.633,167.5837287902832,336.328,184.05758476257324
batchnorm,65.05,63.76638984680176,520.474,530.7130126953125,585.524,594.4794025421143
relu,5.087,7.1416497230529785,226.512,226.68783950805664,231.599,233.82948923110962
conv2d,89.752,95.6553955078125,120.152,120.46800994873047,209.904,216.12340545654297
batchnorm,20.478,22.383745193481445,540.632,558.4412689208984,561.1099999999999,580.8250141143799
relu,4.224,4.2429070472717285,227.919,227.2942657470703,232.143,231.53717279434204
conv2d,70.49,66.78134346008301,195.09,193.19598388671875,265.58,259.97732734680176
cat,22.782,17.85318946838379,161.492,168.65750885009766,184.274,186.51069831848145
batchnorm,68.54,69.32372283935547,519.128,526.4455718994141,587.668,595.7692947387695
relu,5.248,6.559183597564697,231.247,226.98941040039062,236.495,233.54859399795532
conv2d,92.92,95.5864143371582,122.968,115.88527297973633,215.888,211.47168731689453
batchnorm,20.606,19.857881546020508,549.975,558.2501678466797,570.581,578.1080493927002
relu,4.224,4.40233850479126,221.359,227.6991081237793,225.583,232.10144662857056
conv2d,70.363,64.80417442321777,196.721,195.81180953979492,267.084,260.6159839630127
cat,23.678,19.6574649810791,159.829,166.30126953125,183.507,185.9587345123291
batchnorm,70.746,70.0985107421875,539.0,525.2527923583984,609.746,595.3513031005859
relu,5.28,7.4618858098983765,229.391,229.5038833618164,234.671,236.96576917171478
conv2d,96.696,104.10969543457031,116.888,114.13574028015137,213.584,218.24543571472168
batchnorm,20.447,21.644182205200195,712.138,556.3507232666016,732.585,577.9949054718018
relu,4.256,4.401644229888916,226.831,226.24851989746094,231.087,230.65016412734985
conv2d,70.939,67.13023853302002,196.177,195.64648056030273,267.116,262.77671909332275
cat,24.926,18.148752212524414,158.932,166.23279190063477,183.85799999999998,184.38154411315918
batchnorm,71.451,70.04381275177002,506.522,524.9313049316406,577.973,594.9751176834106
relu,5.248,7.49321985244751,225.615,227.70526885986328,230.863,235.1984887123108
conv2d,99.864,106.96390151977539,111.257,112.99850845336914,211.121,219.96240997314453
batchnorm,20.542,21.96531867980957,547.607,559.7981567382812,568.149,581.7634754180908
relu,4.224,4.2404351234436035,220.527,227.4939422607422,224.75099999999998,231.7343773841858
conv2d,70.555,66.41672229766846,198.865,200.34069442749023,269.42,266.7574167251587
cat,26.078,19.733789443969727,157.716,167.51524353027344,183.794,187.24903297424316
batchnorm,75.259,76.66305160522461,508.826,520.3748474121094,584.085,597.037899017334
relu,5.408,6.705263614654541,227.535,228.08860778808594,232.94299999999998,234.79387140274048
conv2d,103.736,106.36233520507812,109.048,109.02327728271484,212.784,215.38561248779297
batchnorm,20.478,19.406816482543945,546.328,559.9081726074219,566.8059999999999,579.3149890899658
relu,4.191,4.409510135650635,220.495,228.0662384033203,224.686,232.47574853897095
conv2d,70.525,64.0972728729248,200.879,204.1954231262207,271.404,268.2926959991455
cat,26.815,21.50340461730957,161.971,165.01173782348633,188.786,186.5151424407959
batchnorm,77.562,76.77582931518555,654.896,519.2946014404297,732.458,596.0704307556152
relu,5.311,7.772058844566345,228.367,230.4462013244629,233.678,238.21826016902924
conv2d,107.032,114.38603973388672,108.504,107.5696029663086,215.536,221.9556427001953
batchnorm,20.478,21.45420265197754,538.84,557.0400543212891,559.318,578.4942569732666
relu,4.224,4.400415897369385,221.808,226.32789993286133,226.03199999999998,230.7283158302307
conv2d,70.138,66.31410694122314,219.632,203.20769882202148,289.77,269.52180576324463
cat,27.87,19.864961624145508,157.908,165.04553604125977,185.778,184.91049766540527
batchnorm,80.474,76.39529418945312,496.027,519.4604949951172,576.501,595.8557891845703
relu,5.44,7.743181467056274,230.639,229.17230606079102,236.079,236.9154875278473
conv2d,110.615,117.37521362304688,102.393,105.5770149230957,213.00799999999998,222.95222854614258
batchnorm,20.35,21.466211318969727,540.6,561.4068603515625,560.95,582.8730716705322
relu,4.256,4.230684757232666,226.543,227.84075546264648,230.799,232.07144021987915
conv2d,70.843,65.93529224395752,206.832,207.44888305664062,277.675,273.38417530059814
cat,28.862,21.62553596496582,155.124,166.5195541381836,183.986,188.1450901031494
batchnorm,82.394,83.81352233886719,494.907,514.6893844604492,577.3009999999999,598.5029067993164
relu,5.504,6.780436038970947,229.263,229.62674713134766,234.767,236.4071831703186
conv2d,113.912,116.76453018188477,100.952,101.83083724975586,214.864,218.59536743164062
batchnorm,20.575,18.923738479614258,743.336,561.8909149169922,763.9110000000001,580.8146533966064
relu,4.255,4.4256463050842285,233.871,228.54929733276367,238.126,232.9749436378479
conv2d,69.915,63.249948501586914,212.88,212.44288635253906,282.795,275.692834854126
cat,30.302,23.331262588500977,157.972,163.98065185546875,188.274,187.31191444396973
batchnorm,83.706,83.52188873291016,489.563,513.6499557495117,573.269,597.1718444824219
relu,5.44,8.018144965171814,226.351,231.67170333862305,231.791,239.68984830379486
conv2d,118.007,123.86018562316895,99.001,101.19537544250488,217.008,225.05556106567383
batchnorm,20.478,21.137422561645508,539.8,558.1166381835938,560.2779999999999,579.2540607452393
relu,4.223,4.403444766998291,221.808,226.5198211669922,226.031,230.92326593399048
conv2d,70.747,65.17844581604004,219.087,211.44902801513672,289.834,276.62747383117676
cat,31.358,21.53635597229004,155.253,164.09000396728516,186.611,185.6263599395752
batchnorm,87.288,82.97309875488281,487.581,514.4580459594727,574.869,597.4311447143555
relu,5.599,7.82719624042511,240.462,231.6543426513672,246.06099999999998,239.4815388917923
conv2d,120.887,126.14630889892578,92.729,99.16170120239258,213.61599999999999,225.30801010131836
batchnorm,20.543,20.429323196411133,543.64,565.9767913818359,564.183,586.4061145782471
relu,4.255,4.162638187408447,225.423,230.0716323852539,229.678,234.23427057266235
conv2d,69.915,63.24354362487793,205.553,222.76153945922852,275.468,286.00508308410645
cat,31.741,22.53415870666504,178.003,169.04974746704102,209.74399999999997,191.58390617370605
batchnorm,89.401,93.55619812011719,457.694,482.91126251220703,547.095,576.4674606323242
relu,5.536,6.4268670082092285,244.878,249.47684860229492,250.414,255.90371561050415
conv2d,161.621,188.54710388183594,200.848,67.4995346069336,362.46900000000005,256.04663848876953
avg_pool2d,9.119,12.394952893257141,338.055,321.6730041503906,347.174,334.06795704364777
batchnorm,50.524,46.797203063964844,526.585,543.8051910400391,577.109,590.6023941040039
relu,4.319,3.973665714263916,235.855,237.67705535888672,240.17399999999998,241.65072107315063
conv2d,76.378,78.8234977722168,128.15,140.54656600952148,204.52800000000002,219.37006378173828
batchnorm,20.35,29.43992853164673,544.408,559.2069549560547,564.758,588.6468834877014
relu,4.192,4.179346561431885,221.008,221.32896423339844,225.20000000000002,225.50831079483032
conv2d,70.682,69.74443054199219,143.125,142.19378280639648,213.80700000000002,211.93821334838867
cat,6.976,9.090227127075195,173.427,176.38484954833984,180.403,185.47507667541504
batchnorm,51.932,49.92253112792969,518.649,548.6110992431641,570.581,598.5336303710938
relu,4.32,5.09215784072876,224.079,230.6006202697754,228.399,235.69277811050415
conv2d,80.986,77.92892837524414,124.791,132.6617431640625,205.777,210.59067153930664
batchnorm,20.351,23.619150161743164,543.095,558.8779144287109,563.446,582.4970645904541
relu,4.096,4.4555535316467285,221.359,227.4308204650879,225.455,231.88637399673462
conv2d,70.682,73.52410697937012,148.918,151.18905639648438,219.60000000000002,224.7131633758545
cat,7.679,7.794878244400024,172.627,174.9262237548828,180.306,182.72110199928284
batchnorm,55.997,44.86122131347656,529.56,535.7847290039062,585.5569999999999,580.6459503173828
relu,4.223,5.4597954750061035,233.071,232.44194412231445,237.294,237.90173959732056
conv2d,76.699,88.16312408447266,135.605,130.6446933746338,212.30399999999997,218.80781745910645
batchnorm,20.447,24.015817642211914,693.612,566.6265869140625,714.059,590.6424045562744
relu,4.063,4.420389652252197,227.215,229.47467422485352,231.278,233.8950638771057
conv2d,70.14,77.4965591430664,148.564,146.3990478515625,218.704,223.8956069946289
cat,9.184,13.99418830871582,170.067,174.45998764038086,179.251,188.45417594909668
batchnorm,57.947,41.384647369384766,518.266,550.3760986328125,576.213,591.7607460021973
relu,4.319,5.715418338775635,226.767,237.20630645751953,231.08599999999998,242.92172479629517
conv2d,80.09,81.62174987792969,132.439,132.5710220336914,212.529,214.1927719116211
batchnorm,20.35,20.999589920043945,548.055,568.9082641601562,568.405,589.9078540802002
relu,4.096,4.149485111236572,221.967,230.19162368774414,226.06300000000002,234.3411087989807
conv2d,70.363,70.11694049835205,161.396,159.2163848876953,231.759,229.33332538604736
cat,9.823,9.979043960571289,175.251,177.01842880249023,185.074,186.99747276306152
batchnorm,58.492,54.50373077392578,517.209,536.4969482421875,575.7009999999999,591.0006790161133
relu,4.288,5.221285343170166,227.055,232.69744873046875,231.34300000000002,237.91873407363892
conv2d,83.289,93.38655853271484,131.223,127.19029998779297,214.512,220.5768585205078
batchnorm,20.415,22.015947341918945,537.623,566.680419921875,558.038,588.696367263794
relu,4.064,3.4658913612365723,220.368,227.58255004882812,224.432,231.0484414100647
conv2d,69.753,69.36999225616455,161.845,170.9273452758789,231.598,240.29733753204346
cat,10.719,9.973512649536133,168.66,174.13118743896484,179.379,184.10470008850098
batchnorm,61.979,63.096086502075195,653.807,530.1128082275391,715.7860000000001,593.2088947296143
relu,4.32,5.023706912994385,244.11,233.1635513305664,248.43,238.1872582435608
conv2d,87.898,96.4642562866211,127.158,122.80489540100098,215.05599999999998,219.26915168762207
batchnorm,20.382,21.73967933654785,549.143,561.8052062988281,569.525,583.544885635376
relu,4.064,3.8679146766662598,223.887,227.9852638244629,227.951,231.85317850112915
conv2d,70.298,72.3637170791626,160.277,168.41241836547852,230.575,240.7761354446411
cat,12.223,11.929216384887695,170.292,171.48435592651367,182.51500000000001,183.41357231140137
batchnorm,63.995,67.62769031524658,513.37,527.8222961425781,577.365,595.4499864578247
relu,4.383,5.299936771392822,228.879,232.0183868408203,233.262,237.31832361221313
conv2d,91.514,102.26437377929688,121.654,119.74075126647949,213.168,222.00512504577637
batchnorm,20.287,22.824716567993164,543.127,561.4309234619141,563.414,584.2556400299072
relu,4.064,4.004671573638916,221.199,226.55284118652344,225.263,230.55751276016235
conv2d,70.074,71.5625467300415,162.421,169.9679069519043,232.495,241.5304536819458
cat,13.023,10.616029739379883,168.595,171.51449584960938,181.618,182.13052558898926
batchnorm,67.611,67.9700288772583,506.938,527.9642333984375,574.549,595.9342622756958
relu,4.352,5.857019901275635,228.975,233.6182632446289,233.327,239.47528314590454
conv2d,95.16,105.02560424804688,124.28,120.40102577209473,219.44,225.4266300201416
batchnorm,20.222,23.134912490844727,549.143,565.5354156494141,569.365,588.6703281402588
relu,4.096,3.5849785804748535,223.087,227.73936462402344,227.183,231.3243432044983
conv2d,70.362,69.63352680206299,169.748,176.05022430419922,240.10999999999999,245.6837511062622
cat,13.567,11.075738906860352,168.372,172.79423141479492,181.93900000000002,183.86997032165527
batchnorm,69.21,70.25320816040039,653.776,524.3771667480469,722.986,594.6303749084473
relu,4.383,5.050516605377197,228.911,233.97552108764648,233.294,239.02603769302368
conv2d,98.457,106.85575103759766,115.863,115.9234619140625,214.32,222.77921295166016
batchnorm,20.223,21.502939224243164,535.256,563.3318176269531,555.4789999999999,584.8347568511963
relu,4.064,3.8918404579162598,221.711,228.64752578735352,225.775,232.53936624526978
conv2d,69.914,72.86967182159424,171.796,172.6168556213379,241.70999999999998,245.48652744293213
cat,14.623,12.823030471801758,168.019,170.7665901184082,182.642,183.58962059020996
batchnorm,70.331,74.17529678344727,514.074,522.1159362792969,584.405,596.2912330627441
relu,4.383,5.4452080726623535,225.455,232.90136337280273,229.83800000000002,238.3465714454651
conv2d,102.169,112.69170761108398,112.375,112.98886680603027,214.54399999999998,225.68057441711426
batchnorm,20.319,22.731599807739258,541.111,562.5534362792969,561.43,585.2850360870361
relu,4.128,3.998354434967041,220.112,227.1658592224121,224.24,231.16421365737915
conv2d,70.554,71.97909927368164,171.476,174.33371353149414,242.03,246.31281280517578
cat,15.423,11.195703506469727,166.963,170.88896942138672,182.386,182.08467292785645
batchnorm,74.394,73.5544662475586,520.57,522.9121246337891,594.964,596.4665908813477
relu,4.543,6.01067590713501,227.887,234.6516342163086,232.43,240.6623101234436
conv2d,105.08,114.48814392089844,110.648,113.71121215820312,215.728,228.19935607910156
batchnorm,20.382,22.752885818481445,709.612,567.3763122558594,729.9939999999999,590.1291980743408
relu,4.063,3.9067177772521973,232.815,228.20288594563803,236.878,232.10960372289023
conv2d,69.786,74.0110600789388,185.075,174.97398376464844,254.861,248.98504384358722
cat,16.543,11.062092463175455,172.755,173.20756022135416,189.298,184.2696526845296
batchnorm,76.058,73.02259826660156,505.914,517.7350463867188,581.972,590.7576446533203
relu,4.576,4.793009281158447,237.07,234.1257553100586,241.646,238.91876459121704
conv2d,109.144,118.94937133789062,120.919,107.23572540283203,230.063,226.18509674072266
batchnorm,20.319,20.218942642211914,550.07,568.9938354492188,570.389,589.2127780914307
relu,4.128,4.020700931549072,223.247,232.56845092773438,227.375,236.58915185928345
conv2d,70.331,80.73229217529297,183.347,165.53131103515625,253.678,246.26360321044922
cat,17.438,13.651208877563477,164.116,170.28981399536133,181.554,183.9410228729248
batchnorm,79.994,80.37172317504883,494.555,516.7275848388672,574.549,597.099308013916
relu,4.512,5.522989749908447,227.727,233.87119674682617,232.239,239.39418649673462
conv2d,112.087,121.44760704040527,98.201,106.59817504882812,210.288,228.0457820892334
batchnorm,20.319,22.516504287719727,548.279,563.3638610839844,568.598,585.8803653717041
relu,4.095,3.967592716217041,225.519,227.6978645324707,229.614,231.66545724868774
conv2d,70.364,72.16172409057617,184.21,178.54827499389648,254.574,250.70999908447266
cat,18.27,11.752504348754883,164.084,170.39715957641602,182.354,182.1496639251709
batchnorm,81.274,78.92776489257812,495.995,518.1528396606445,577.269,597.0806045532227
relu,4.416,6.090189456939697,225.646,235.6707649230957,230.06199999999998,241.7609543800354
conv2d,116.216,122.30702209472656,241.71,106.85361862182617,357.926,229.16064071655273
batchnorm,20.383,22.23282814025879,549.174,568.6765899658203,569.557,590.9094181060791
relu,4.064,3.5101799964904785,222.032,228.99893188476562,226.096,232.5091118812561
conv2d,70.522,70.7933931350708,184.403,183.68682479858398,254.925,254.48021793365479
cat,19.07,12.581361770629883,165.843,171.693359375,184.91299999999998,184.27472114562988
batchnorm,82.684,84.08934783935547,495.353,513.2657852172852,578.037,597.3551330566406
relu,4.544,4.9063591957092285,236.878,235.7898826599121,241.422,240.69624185562134
conv2d,119.671,123.96076393127441,93.561,99.99735069274902,213.23200000000003,223.95811462402344
batchnorm,20.223,20.63567543029785,535.96,565.2577667236328,556.183,585.8934421539307
relu,4.096,3.8381752967834473,219.247,229.80734252929688,223.34300000000002,233.64551782608032
conv2d,69.978,73.04290103912354,194.547,180.17566299438477,264.525,253.2185640335083
cat,19.966,14.44926643371582,166.068,170.1340675354004,186.03400000000002,184.5833339691162
batchnorm,86.426,86.61283111572266,486.075,511.37439727783203,572.501,597.9872283935547
relu,4.512,5.496126651763916,226.799,234.99729537963867,231.311,240.4934220314026
conv2d,122.998,130.668550491333,88.506,97.66481590270996,211.50400000000002,228.33336639404297
batchnorm,20.509,21.350839614868164,536.505,566.2352294921875,557.014,587.5860691070557
relu,4.128,3.863588809967041,223.119,228.59770584106445,227.247,232.4612946510315
conv2d,70.299,65.5212345123291,184.146,188.19730377197266,254.445,253.71853828430176
cat,20.863,14.730501174926758,168.595,175.41052627563477,189.458,190.14102745056152
batchnorm,88.57,80.77155780792236,569.845,482.9153366088867,658.415,563.6868944168091
relu,4.576,4.115236759185791,129.654,128.3877658843994,134.23,132.5030026435852
adaptive_avg_pool2d,10.911,10.362573862075806,237.551,248.17753219604492,248.462,258.5401060581207
linear,24.669,15.646341323852539,130.135,143.72637176513672,154.804,159.37271308898926
cross_entrpy,28.03,-1.298184871673584,1112.845,1324.8402404785156,1140.875,1323.542055606842
cross_entrpy,18.366,18.470727920532227,415.233,474.18475341796875,433.599,492.655481338501
adaptive_avg_pool2d,5.792,6.854326605796814,36.253,46.20843696594238,42.045,53.0627635717392
relu,4.864,1.9538292102515697,66.875,75.87656021118164,71.739,77.83038942143321
batchnorm,88.057,90.78976821899414,141.686,231.0905647277832,229.743,321.88033294677734
conv2d,53.148,52.41029739379883,196.817,181.53962326049805,249.965,233.94992065429688
relu,4.192,2.716570347547531,68.827,76.24460411071777,73.019,78.9611744582653
batchnorm,17.95,19.109193801879883,127.127,142.10528564453125,145.077,161.21447944641113
conv2d,58.715,103.75014877319336,103.449,105.0864086151123,162.164,208.83655738830566
relu,4.703,4.868502140045166,61.788,65.3127384185791,66.491,70.18124055862427
batchnorm,87.353,89.74515533447266,457.63,382.9384765625,544.983,472.68363189697266
conv2d,48.189,50.65709686279297,116.471,129.9000244140625,164.66,180.55712127685547
relu,4.191,3.523226261138916,66.78,69.25155067443848,70.971,72.77477693557739
batchnorm,18.11,19.19840431213379,120.119,123.02185821533203,138.22899999999998,142.22026252746582
conv2d,59.324,104.83450698852539,100.344,88.81388473510742,159.668,193.6483917236328
relu,4.768,5.071482181549072,61.787,61.215054512023926,66.55499999999999,66.286536693573
batchnorm,84.378,88.22976684570312,412.833,332.1316223144531,497.211,420.36138916015625
conv2d,52.572,52.55123519897461,108.28,120.4875545501709,160.852,173.0387897491455
relu,4.192,3.532412052154541,64.411,69.10090065002441,68.60300000000001,72.63331270217896
batchnorm,18.175,19.07877540588379,116.695,122.89404106140137,134.87,141.97281646728516
conv2d,58.14,101.15643692016602,101.944,90.62172508239746,160.084,191.77816200256348
relu,4.768,5.003931522369385,60.827,61.5916223526001,65.595,66.59555387496948
batchnorm,83.066,85.32003784179688,392.675,319.2847442626953,475.741,404.6047821044922
conv2d,47.74,52.4720573425293,113.111,119.8680362701416,160.851,172.3400936126709
relu,4.16,3.5473885536193848,63.9,68.91782569885254,68.06,72.46521425247192
batchnorm,18.142,18.94266700744629,118.263,122.81518363952637,136.405,141.75785064697266
conv2d,58.331,97.5825080871582,101.113,92.37794303894043,159.44400000000002,189.96045112609863
relu,4.672,4.933870792388916,60.923,61.901347160339355,65.595,66.83521795272827
batchnorm,80.699,82.19596099853516,376.483,305.91233825683594,457.182,388.1082992553711
conv2d,52.988,52.45566940307617,109.432,119.27672386169434,162.42000000000002,171.7323932647705
relu,4.512,3.5674233436584473,62.747,68.69748497009277,67.259,72.26490831375122
batchnorm,18.079,18.79326057434082,120.919,122.78185081481934,138.998,141.57511138916016
conv2d,58.589,94.14632797241211,98.967,94.05452156066895,157.55599999999998,188.20084953308105
relu,4.64,4.858240604400635,63.259,62.15822505950928,67.899,67.01646566390991
batchnorm,77.178,78.86964416503906,365.669,291.94664001464844,442.847,370.8162841796875
conv2d,51.932,52.510093688964844,110.264,118.71634674072266,162.196,171.2264404296875
relu,4.191,3.5914406776428223,65.595,68.43655776977539,69.786,72.02799844741821
batchnorm,18.111,18.63493537902832,115.96,122.7923641204834,134.071,141.42729949951172
conv2d,56.892,90.87480545043945,99.992,95.63542747497559,156.88400000000001,186.51023292541504
relu,4.736,4.776041507720947,60.059,62.37584590911865,64.795,67.1518874168396
batchnorm,74.938,75.38650131225586,336.487,277.4181900024414,411.425,352.80469131469727
conv2d,52.733,52.653526306152344,109.751,118.19619750976562,162.484,170.84972381591797
relu,4.16,3.6181435585021973,63.867,68.13331604003906,68.027,71.75145959854126
batchnorm,18.079,18.472993850708008,121.687,122.84567642211914,139.766,141.31867027282715
conv2d,57.947,87.79606628417969,98.777,97.1164608001709,156.724,184.9125270843506
relu,4.64,4.689646244049072,61.403,62.56868076324463,66.04299999999999,67.2583270072937
batchnorm,71.003,71.81592273712158,319.176,262.43199157714844,390.179,334.24791431427
conv2d,52.444,52.90238571166992,107.288,117.72500419616699,159.732,170.6273899078369
relu,4.16,3.6461129188537598,62.139,67.78611946105957,66.299,71.43223237991333
batchnorm,18.175,18.314050674438477,120.439,122.93631553649902,138.614,141.2503662109375
conv2d,56.891,84.94732666015625,100.441,98.5020694732666,157.332,183.44939613342285
relu,4.608,4.604517459869385,60.507,62.75356388092041,65.115,67.3580813407898
batchnorm,70.363,68.23302936553955,294.026,247.17677688598633,364.389,315.4098062515259
conv2d,52.668,53.25328063964844,107.128,117.29434585571289,159.796,170.54762649536133
relu,4.191,3.6732888221740723,64.604,67.39028358459473,68.795,71.0635724067688
batchnorm,18.143,18.1666202545166,119.447,123.0446891784668,137.59,141.2113094329834
conv2d,55.899,82.36920166015625,102.681,99.8055362701416,158.57999999999998,182.17473793029785
relu,4.575,4.52715539932251,60.892,62.95000648498535,65.467,67.47716188430786
batchnorm,67.899,64.70077800750732,290.282,232.01544952392578,358.181,296.7162275314331
conv2d,51.996,53.67681884765625,108.76,116.86345291137695,160.756,170.5402717590332
relu,4.192,3.6973748207092285,66.075,66.93662071228027,70.267,70.6339955329895
batchnorm,18.206,18.042062759399414,118.616,123.12826538085938,136.822,141.1703281402588
conv2d,56.252,80.08332824707031,100.568,101.05123138427734,156.82,181.13455963134766
relu,4.544,4.4629082679748535,60.635,63.17781352996826,65.179,67.64072179794312
batchnorm,63.899,61.266783714294434,258.637,217.5735969543457,322.536,278.84038066864014
conv2d,51.549,54.1392707824707,106.167,116.36593627929688,157.716,170.50520706176758
relu,4.16,3.7169976234436035,61.851,66.41781616210938,66.011,70.13481378555298
batchnorm,18.047,17.951387405395508,118.775,123.12483978271484,136.822,141.07622718811035
conv2d,56.06,78.0701036453247,99.385,102.27626991271973,155.445,180.34637355804443
relu,4.479,4.414095401763916,60.667,63.450928688049316,65.146,67.86502408981323
batchnorm,62.204,57.959479331970215,234.542,204.57775115966797,296.746,262.5372304916382
conv2d,51.836,54.628578186035156,108.728,115.73683166503906,160.564,170.36540985107422
relu,4.16,3.7328591346740723,61.756,65.83819580078125,65.916,69.57105493545532
batchnorm,18.174,17.89738655090332,119.671,122.97692680358887,137.845,140.8743133544922
conv2d,54.075,76.26912784576416,104.153,103.52566146850586,158.228,179.79478931427002
relu,4.48,4.38012170791626,64.987,63.76986312866211,69.467,68.14998483657837
batchnorm,57.948,54.773268699645996,216.592,193.45790481567383,274.54,248.23117351531982
conv2d,52.508,55.1542854309082,105.752,114.94110107421875,158.26,170.09538650512695
relu,4.16,3.746706485748291,65.179,65.21486473083496,69.339,68.96157121658325
batchnorm,18.174,17.8664493560791,119.064,122.6710433959961,137.238,140.5374927520752
conv2d,53.114,74.6028184890747,103.738,104.83313179016113,156.852,179.43595027923584
relu,4.512,4.359591007232666,60.795,64.12424755096436,65.307,68.48383855819702
batchnorm,57.308,51.69858455657959,197.681,184.1999969482422,254.989,235.89858150482178
conv2d,52.605,55.72586441040039,108.471,113.98261642456055,161.076,169.70848083496094
relu,4.192,3.7591423988342285,71.578,64.57047080993652,75.77000000000001,68.32961320877075
batchnorm,18.207,17.82866859436035,119.639,122.25654029846191,137.846,140.08520889282227
conv2d,52.956,73.00943088531494,102.776,106.19598960876465,155.732,179.2054204940796
relu,4.416,4.3508172035217285,64.571,64.50381565093994,68.987,68.85463285446167
batchnorm,55.068,48.751479148864746,175.923,176.5745506286621,230.99099999999999,225.32602977752686
conv2d,47.709,56.341529846191406,110.423,112.89135932922363,158.132,169.23288917541504
relu,4.192,3.751497745513916,65.115,64.07829093933105,69.30699999999999,67.82978868484497
batchnorm,18.142,17.768754959106445,116.824,122.59665870666504,134.966,140.36541366577148
conv2d,51.677,70.5344820022583,105.239,108.58815383911133,156.916,179.12263584136963
relu,4.448,4.366251468658447,59.611,65.44701385498047,64.059,69.81326532363892
batchnorm,51.069,43.405723571777344,159.796,166.92448043823242,210.865,210.33020401000977
conv2d,52.731,57.84932327270508,105.977,110.6961669921875,158.708,168.54549026489258
relu,4.511,4.203073978424072,63.964,66.15596103668213,68.475,70.3590350151062
batchnorm,18.11,19.578462600708008,117.815,124.51304817199707,135.925,144.09151077270508
conv2d,50.557,61.80049228668213,107.384,107.43240547180176,157.941,169.2328977584839
relu,4.447,4.8735527992248535,60.636,70.5551872253418,65.083,75.42874002456665
batchnorm,49.052,43.88448715209961,88.154,99.02691650390625,137.206,142.91140365600586
avg_pool2d,18.078,24.71476936340332,88.794,75.36732959747314,106.872,100.08209896087646
conv2d,370.082,510.28096771240234,46.335,51.9072265625,416.417,562.1881942749023
relu,9.663,6.721903324127197,1.152,1.1869354248046875,10.815,7.908838748931885
batchnorm,92.825,70.81520938873291,42.077,40.59839344024658,134.902,111.41360282897949
conv2d,70.523,75.55109405517578,156.66,88.61928176879883,227.183,164.1703758239746
relu,4.351,2.6476845741271973,65.852,69.36967849731445,70.203,72.01736307144165
batchnorm,18.11,16.0345401763916,142.197,147.50060653686523,160.30700000000002,163.53514671325684
conv2d,146.229,182.14306259155273,38.27,36.14339065551758,184.49900000000002,218.2864532470703
relu,6.271,4.9965691566467285,56.572,46.983049392700195,62.843,51.979618549346924
batchnorm,89.241,85.45344161987305,609.971,632.0621643066406,699.212,717.5156059265137
conv2d,64.123,71.30208587646484,103.384,97.03233528137207,167.507,168.3344211578369
relu,4.384,2.8250832557678223,63.483,68.14170455932617,67.86699999999999,70.966787815094
batchnorm,18.303,15.595804214477539,144.437,142.75302505493164,162.74,158.34882926940918
conv2d,136.343,176.6808319091797,38.556,37.33550262451172,174.899,214.0163345336914
relu,6.112,4.7650933265686035,61.467,52.61805725097656,67.579,57.383150577545166
batchnorm,85.69,78.60884475708008,587.732,604.7969207763672,673.422,683.4057655334473
conv2d,64.155,71.00472259521484,101.912,96.75522804260254,166.067,167.75995063781738
relu,4.352,2.7928109169006348,61.883,68.32444381713867,66.235,71.1172547340393
batchnorm,18.111,15.71995735168457,141.301,142.29849243164062,159.41199999999998,158.0184497833252
conv2d,133.399,173.91905975341797,35.869,37.69444465637207,169.268,211.61350440979004
relu,6.015,4.504190921783447,62.844,54.104177474975586,68.859,58.60836839675903
batchnorm,85.465,76.21318817138672,565.942,583.7865905761719,651.407,659.9997787475586
conv2d,64.828,70.80629348754883,98.36,96.51838684082031,163.188,167.32468032836914
relu,4.384,2.779337376356125,64.155,68.20365905761719,68.539,70.98299643397331
batchnorm,18.174,15.686410903930664,143.542,142.2596092224121,161.716,157.94602012634277
conv2d,133.111,170.89163970947266,36.412,38.09414482116699,169.523,208.98578453063965
relu,5.984,4.263193607330322,62.555,55.45254707336426,68.539,59.71574068069458
batchnorm,82.81,73.94150924682617,549.335,563.7959289550781,632.145,637.7374382019043
conv2d,64.956,70.77265548706055,100.535,96.33137702941895,165.49099999999999,167.1040325164795
relu,4.384,2.7735085487365723,63.963,68.12792205810547,68.34700000000001,70.90143060684204
batchnorm,18.303,15.658777236938477,139.445,142.24586486816406,157.748,157.90464210510254
conv2d,135.478,167.56212997436523,37.309,38.563231468200684,172.787,206.12536144256592
relu,5.984,4.04094934463501,61.851,56.68750762939453,67.835,60.72845697402954
batchnorm,78.394,71.74980926513672,528.153,544.3736724853516,606.547,616.1234817504883
conv2d,65.02,70.87481307983398,99.0,96.20401763916016,164.01999999999998,167.07883071899414
relu,4.416,2.776827335357666,64.667,68.09589385986328,69.083,70.87272119522095
batchnorm,18.111,15.635919570922852,139.541,142.22334671020508,157.652,157.85926628112793
conv2d,132.694,163.94480895996094,43.037,39.123451232910156,175.731,203.0682601928711
relu,5.887,3.8370537757873535,60.796,57.82347106933594,66.68299999999999,61.66052484512329
batchnorm,76.57,69.60279178619385,508.73,525.2349700927734,585.3,594.8377618789673
conv2d,64.699,71.08150482177734,99.257,96.1416072845459,163.95600000000002,167.22311210632324
relu,4.32,2.7894692420959473,64.347,68.10309791564941,68.667,70.89256715774536
batchnorm,18.271,15.615808486938477,141.045,142.1728057861328,159.31599999999997,157.7886142730713
conv2d,136.31,160.09066009521484,33.949,39.78917217254639,170.25900000000001,199.87983226776123
relu,5.824,3.652651309967041,63.227,58.87138557434082,69.051,62.52403688430786
batchnorm,72.123,67.46961688995361,493.787,506.2536315917969,565.91,573.7232484817505
conv2d,64.604,71.36187744140625,98.392,96.14061737060547,162.99599999999998,167.50249481201172
relu,4.287,2.8102517127990723,65.916,68.14168167114258,70.203,70.95193338394165
batchnorm,18.078,15.596086502075195,148.789,142.0899314880371,166.867,157.6860179901123
conv2d,123.671,156.07694244384766,51.516,40.57322978973389,175.187,196.65017223358154
relu,5.824,3.4902138710021973,62.267,59.83932685852051,68.09100000000001,63.329540729522705
batchnorm,71.834,65.32020282745361,474.813,487.40557861328125,546.6469999999999,552.7257814407349
conv2d,63.964,71.71647262573242,100.376,96.19754600524902,164.34,167.91401863098145
relu,4.383,2.838106632232666,61.916,68.21071815490723,66.29899999999999,71.04882478713989
batchnorm,18.27,15.571535110473633,137.238,141.95846557617188,155.508,157.5300006866455
conv2d,123.702,151.84064102172852,51.389,41.48879909515381,175.091,193.32944011688232
relu,5.76,3.3546929359436035,64.027,60.66877555847168,69.787,64.02346849441528
batchnorm,68.923,63.05265522003174,450.622,468.67957305908203,519.5450000000001,531.7322282791138
conv2d,64.668,72.04037094116211,101.208,96.44218063354492,165.876,168.48255157470703
relu,4.383,2.8794426918029785,62.94,68.26807022094727,67.323,71.14751291275024
batchnorm,18.143,15.54374885559082,122.166,141.68718338012695,140.309,157.23093223571777
conv2d,115.992,145.64844512939453,42.621,43.72512626647949,158.613,189.37357139587402
relu,5.727,3.2578072547912598,63.899,61.960012435913086,69.626,65.21781969070435
batchnorm,65.339,60.519808769226074,431.264,448.13692474365234,496.603,508.6567335128784
conv2d,65.116,72.38071823120117,98.84,96.39952850341797,163.95600000000002,168.78024673461914
relu,4.447,2.9017510414123535,62.236,68.37228584289551,66.68299999999999,71.27403688430786
batchnorm,18.206,15.478372573852539,119.8,141.59646606445312,138.006,157.07483863830566
conv2d,115.511,141.99921798706055,42.781,45.092652320861816,158.292,187.09187030792236
relu,5.663,3.1860756874084473,62.748,62.61939239501953,68.411,65.80546808242798
batchnorm,63.291,58.12654113769531,429.472,429.3921585083008,492.763,487.5186996459961
conv2d,64.124,72.77125930786133,100.151,96.39603042602539,164.27499999999998,169.16728973388672
relu,4.48,2.9329705238342285,61.308,68.43401718139648,65.788,71.36698770523071
batchnorm,18.046,15.395761489868164,120.247,141.54541397094727,138.293,156.94117546081543
conv2d,100.088,138.56430053710938,61.948,46.726637840270996,162.036,185.29093837738037
relu,5.568,3.1464486122131348,61.723,63.204161643981934,67.291,66.35061025619507
batchnorm,58.716,55.60117721557617,396.962,410.3005142211914,455.678,465.9016914367676
conv2d,64.891,73.2231330871582,96.441,96.31988525390625,161.332,169.54301834106445
relu,4.384,2.9704995155334473,65.787,68.49131393432617,70.171,71.46181344985962
batchnorm,18.174,15.284120559692383,118.744,141.55932235717773,136.918,156.84344291687012
conv2d,99.768,135.31690216064453,60.924,48.68278694152832,160.692,183.99968910217285
relu,5.535,3.1375832557678223,61.02,63.717166900634766,66.555,66.85475015640259
batchnorm,58.14,52.90644836425781,376.932,389.80179595947266,435.072,442.70824432373047
conv2d,60.252,73.7105827331543,103.223,96.17035675048828,163.475,169.88093948364258
relu,4.48,3.0193886756896973,62.555,68.54594993591309,67.035,71.56533861160278
batchnorm,18.079,15.151132583618164,122.359,141.65939712524414,140.438,156.8105297088623
conv2d,99.672,132.18509101867676,57.756,50.97116756439209,157.428,183.15625858306885
relu,5.504,3.1564278602600098,63.931,64.19474983215332,69.435,67.35117769241333
batchnorm,55.9,50.06040954589844,359.685,367.20648193359375,415.585,417.2668914794922
conv2d,64.187,74.18121719360352,95.865,95.96630477905273,160.052,170.14752197265625
relu,4.512,3.0867257118225098,64.603,68.59345245361328,69.115,71.68017816543579
batchnorm,18.078,15.015787124633789,117.911,141.86559677124023,135.989,156.88138389587402
conv2d,97.945,129.07666206359863,64.219,53.60540962219238,162.164,182.68207168579102
relu,5.472,3.1981301307678223,58.651,64.69030952453613,64.123,67.88843965530396
batchnorm,51.933,47.18696212768555,346.598,342.7414321899414,398.531,389.92839431762695
conv2d,64.571,74.61840057373047,102.04,95.7503604888916,166.611,170.36876106262207
relu,4.448,3.1756463050842285,63.899,68.621826171875,68.34700000000001,71.79747247695923
batchnorm,18.111,14.905611038208008,119.159,142.1650733947754,137.27,157.0706844329834
conv2d,99.801,125.89947319030762,60.283,56.63045406341553,160.084,182.52992725372314
relu,5.279,3.2560296058654785,60.796,65.22675132751465,66.075,68.48278093338013
batchnorm,49.884,44.444698333740234,320.265,317.2870864868164,370.149,361.73178482055664
conv2d,64.025,75.02847290039062,97.946,95.5547924041748,161.971,170.58326530456543
relu,4.48,3.2829155921936035,62.043,68.61845397949219,66.523,71.90136957168579
batchnorm,18.207,14.852838516235352,120.631,142.4968605041504,138.838,157.34969902038574
conv2d,96.954,122.56396484375,60.346,60.10081481933594,157.29999999999998,182.66477966308594
relu,5.28,3.3250985145568848,65.883,65.7861328125,71.163,69.11123132705688
batchnorm,45.405,41.89677810668945,294.346,291.7541809082031,339.751,333.6509590148926
conv2d,64.891,75.43218231201172,95.481,95.38971900939941,160.372,170.82190132141113
relu,4.479,3.402346134185791,62.491,68.57756042480469,66.97,71.97990655899048
batchnorm,18.239,14.886682510375977,121.175,142.7801628112793,139.414,157.66684532165527
conv2d,85.401,118.93783950805664,70.555,64.07949161529541,155.95600000000002,183.01733112335205
relu,5.216,3.4084954261779785,63.963,66.35913848876953,69.179,69.76763391494751
batchnorm,45.085,39.64413070678711,271.372,267.49774169921875,316.457,307.14187240600586
conv2d,64.155,75.93241500854492,98.329,95.2535343170166,162.48399999999998,171.18594932556152
relu,4.319,3.5250191688537598,62.428,68.50373840332031,66.747,72.02875757217407
batchnorm,18.27,15.017511367797852,117.72,142.9053726196289,135.99,157.92288398742676
conv2d,85.304,114.80546188354492,75.228,68.60758399963379,160.53199999999998,183.4130458831787
relu,5.055,3.5054802894592285,60.892,66.98431205749512,65.947,70.48979234695435
batchnorm,42.844,37.70180892944336,264.877,245.99765014648438,307.721,283.69945907592773
conv2d,64.603,76.59852981567383,95.097,95.13215827941895,159.7,171.73068809509277
relu,4.351,3.643343448638916,65.66,68.4153060913086,70.011,72.05864953994751
batchnorm,18.174,15.229127883911133,117.368,142.74364852905273,135.542,157.97277641296387
conv2d,84.601,110.06430435180664,74.107,73.55371475219727,158.708,183.6180191040039
relu,5.183,3.6003060340881348,61.116,67.71112251281738,66.299,71.31142854690552
batchnorm,38.653,35.917789459228516,240.43,227.98255157470703,279.083,263.90034103393555
conv2d,59.932,77.42764663696289,102.872,95.02081680297852,162.804,172.4484634399414
relu,4.383,3.7532448768615723,63.611,68.33115196228027,67.994,72.08439683914185
batchnorm,18.111,15.477502822875977,122.519,142.2304916381836,140.63,157.70799446105957
conv2d,80.538,104.96232986450195,77.114,78.64392471313477,157.652,183.60625457763672
relu,4.992,3.6726250648498535,65.755,68.53559303283691,70.747,72.20821809768677
batchnorm,36.829,34.1424446105957,217.872,213.44934844970703,254.70100000000002,247.59179306030273
conv2d,59.931,78.40446853637695,98.585,94.85699462890625,158.516,173.2614631652832
relu,4.384,3.8492531776428223,64.987,68.27350807189941,69.371,72.12276124954224
batchnorm,18.078,15.69359016418457,120.791,141.56095504760742,138.869,157.254545211792
conv2d,95.352,100.61941146850586,115.449,83.25850486755371,210.801,183.87791633605957
relu,4.992,3.7179055213928223,64.315,69.31194877624512,69.307,73.02985429763794
batchnorm,32.029,32.310343742370605,202.705,202.0681610107422,234.734,234.3785047531128
conv2d,64.956,79.3735580444336,98.744,94.67864418029785,163.7,174.05220222473145
relu,4.479,3.9292168617248535,60.956,68.24730682373047,65.435,72.17652368545532
batchnorm,18.143,15.86424446105957,120.439,140.6479606628418,138.582,156.51220512390137
conv2d,96.249,96.59889602661133,107.959,86.07950210571289,204.208,182.67839813232422
relu,4.768,3.5848565101623535,66.203,69.4886417388916,70.971,73.07349824905396
batchnorm,31.902,29.022722244262695,177.618,188.51285934448242,209.51999999999998,217.53558158874512
conv2d,64.091,81.03336715698242,99.737,92.77775955200195,163.82799999999997,173.81112670898438
relu,4.448,4.24682092666626,60.763,67.9183578491211,65.211,72.16517877578735
batchnorm,18.047,15.922182083129883,120.951,137.547607421875,138.998,153.46978950500488
conv2d,93.657,89.66473007202148,117.047,103.22138404846191,210.704,192.8861141204834
relu,4.736,4.411463260650635,63.707,68.80570793151855,68.443,73.21717119216919
batchnorm,29.662,30.87786340713501,107.992,135.5625171661377,137.654,166.4403805732727
avg_pool2d,32.478,26.331621170043945,71.002,103.68749237060547,103.47999999999999,130.0191135406494
conv2d,438.655,542.0544357299805,19.039,26.070457458496094,457.69399999999996,568.1248931884766
relu,8.287,11.616540908813477,1.248,0.8864020705223083,9.535,12.502942979335785
batchnorm,54.14,53.14717388153076,12.351,108.66401767730713,66.491,161.8111915588379
conv2d,119.671,115.95199775695801,23.935,36.91140937805176,143.606,152.86340713500977
relu,5.375,4.010706424713135,61.5,65.62266063690186,66.875,69.63336706161499
batchnorm,19.774,18.675683975219727,147.701,144.52605438232422,167.475,163.20173835754395
conv2d,178.323,225.06242752075195,34.717,26.56321907043457,213.04000000000002,251.62564659118652
relu,7.84,6.282007694244385,33.117,7.966686248779297,40.956999999999994,14.248693943023682
batchnorm,48.956,53.012030601501465,420.321,394.96595764160156,469.27700000000004,447.977988243103
conv2d,114.392,120.69132614135742,57.755,58.70381164550781,172.147,179.39513778686523
relu,5.536,3.679140567779541,67.579,65.82203578948975,73.115,69.50117635726929
batchnorm,19.838,18.175851821899414,144.501,141.86283111572266,164.339,160.03868293762207
conv2d,150.421,208.75510025024414,33.726,26.16168975830078,184.147,234.91679000854492
relu,8.127,5.987894535064697,57.276,14.76613998413086,65.403,20.754034519195557
batchnorm,48.316,50.54394054412842,404.578,378.04129791259766,452.894,428.5852384567261
conv2d,113.72,119.51368713378906,58.427,59.267465591430664,172.147,178.78115272521973
relu,5.44,3.807863712310791,66.171,65.87674140930176,71.611,69.68460512161255
batchnorm,19.423,17.984636306762695,149.908,140.83311080932617,169.331,158.81774711608887
conv2d,149.557,202.1507682800293,30.142,26.1573486328125,179.69899999999998,228.3081169128418
relu,7.423,5.332926273345947,60.924,19.440731048583984,68.347,24.77365732192993
batchnorm,46.044,48.06815719604492,390.595,362.8507537841797,436.639,410.9189109802246
conv2d,111.736,118.61042022705078,57.979,59.75156593322754,169.715,178.36198616027832
relu,5.472,3.6973977088928223,70.299,65.97671413421631,75.771,69.67411184310913
batchnorm,19.87,17.798524856567383,146.005,139.70881271362305,165.875,157.50733757019043
conv2d,148.502,195.4907112121582,32.733,26.245685577392578,181.235,221.73639678955078
relu,7.039,4.814577579498291,62.716,25.233779907226562,69.755,30.048357486724854
batchnorm,41.66,45.82066345214844,343.335,346.41319274902344,384.995,392.2338562011719
conv2d,112.599,117.95206451416016,53.596,60.04523754119873,166.195,177.9973020553589
relu,5.376,3.6131463050842285,63.227,66.10683536529541,68.603,69.71998167037964
batchnorm,19.679,17.62908363342285,140.566,138.50681686401367,160.245,156.13590049743652
conv2d,170.708,188.69478225708008,22.013,26.60859489440918,192.721,215.30337715148926
relu,7.103,4.411539554595947,43.165,32.11375045776367,50.268,36.52529001235962
batchnorm,39.581,43.71698760986328,332.231,328.77098083496094,371.812,372.4879684448242
conv2d,113.624,117.59738159179688,56.22,60.152689933776855,169.844,177.75007152557373
relu,5.504,3.5557961463928223,62.011,66.26970672607422,67.515,69.82550287246704
batchnorm,19.486,17.495813369750977,140.502,137.2155990600586,159.988,154.71141242980957
conv2d,251.535,181.56959533691406,40.379,27.64288330078125,291.914,209.2124786376953
relu,6.88,4.1111321449279785,1.343,39.84785461425781,8.222999999999999,43.95898675918579
batchnorm,34.782,41.608055114746094,290.602,310.2650146484375,325.38399999999996,351.8730697631836
conv2d,112.985,117.61559677124023,67.066,60.08184051513672,180.051,177.69743728637695
relu,5.375,3.519045352935791,63.676,66.46208381652832,69.051,69.98112916946411
batchnorm,19.326,17.418062210083008,142.198,135.80576705932617,161.524,153.22382926940918
conv2d,252.14,173.82267379760742,41.95,30.106897354125977,294.09,203.9295711517334
relu,6.559,3.9127373695373535,25.726,47.71412944793701,32.285,51.626866817474365
batchnorm,34.014,39.434009075164795,324.263,291.81056213378906,358.277,331.24457120895386
conv2d,113.848,118.12448692321777,60.571,59.81526470184326,174.41899999999998,177.93975162506104
relu,5.504,3.502108097076416,73.787,66.69286060333252,79.29100000000001,70.19496870040894
batchnorm,19.55,17.40855598449707,150.805,134.44364166259766,170.35500000000002,151.85219764709473
conv2d,205.361,165.42389297485352,64.763,34.849188804626465,270.124,200.27308177947998
relu,6.207,3.8102974891662598,14.783,54.482412338256836,20.99,58.292709827423096
batchnorm,31.902,37.23221158981323,253.517,274.27986907958984,285.419,311.5120806694031
conv2d,114.775,119.13019943237305,50.525,59.36768627166748,165.3,178.49788570404053
relu,5.439,3.5186104774475098,66.363,67.01027297973633,71.80199999999999,70.52888345718384
batchnorm,19.359,17.48569679260254,137.109,133.50554275512695,156.46800000000002,150.9912395477295
conv2d,204.689,156.59807968139648,62.427,41.29928779602051,267.116,197.897367477417
relu,5.856,3.7629952430725098,7.679,59.57519245147705,13.535,63.33818769454956
batchnorm,27.198,34.910640239715576,237.71,257.3798484802246,264.908,292.2904887199402
conv2d,113.399,120.37468719482422,56.125,58.86453914642334,169.524,179.23922634124756
relu,5.44,3.573671817779541,64.059,67.44013023376465,69.499,71.01380205154419
batchnorm,19.358,17.63054847717285,147.285,133.0980339050293,166.643,150.72858238220215
conv2d,127.064,147.0693016052246,43.292,48.32722473144531,170.356,195.39652633666992
relu,5.887,3.7241997718811035,66.587,63.57363700866699,72.474,67.2978367805481
batchnorm,24.894,32.312296867370605,210.32,240.9340705871582,235.214,273.2463674545288
conv2d,111.928,121.55770111083984,51.836,58.43251323699951,163.764,179.99021434783936
relu,5.248,3.651827335357666,66.875,67.96530532836914,72.123,71.6171326637268
batchnorm,19.231,17.89952278137207,121.558,133.46176528930664,140.78900000000002,151.3612880706787
conv2d,112.504,136.74828338623047,50.684,55.78926944732666,163.188,192.53755283355713
relu,5.568,3.6624703407287598,62.075,66.28086280822754,67.643,69.9433331489563
batchnorm,19.231,26.926095962524414,207.696,218.06281280517578,226.927,244.9889087677002
conv2d,111.704,124.83850479125977,52.38,58.94846820831299,164.084,183.78697299957275
relu,5.376,3.7435479164123535,64.187,69.37346649169922,69.563,73.11701440811157
batchnorm,19.262,17.85088539123535,122.039,131.27125549316406,141.301,149.1221408843994
conv2d,82.491,128.96072578430176,74.49,66.08602809906006,156.981,195.04675388336182
relu,5.343,4.04827356338501,63.196,62.933037757873535,68.539,66.98131132125854
batchnorm,19.134,21.841142654418945,121.847,121.54091453552246,140.981,143.3820571899414
avg_pool2d,55.356,48.54249954223633,45.308,51.316650390625,100.664,99.85914993286133
conv2d,481.885,469.35164642333984,25.086,23.352502822875977,506.971,492.7041492462158
relu,20.766,18.38426399230957,1.184,0.8436316847801208,21.95,19.22789567708969
batchnorm,49.82,45.69621276855469,13.407,38.57720756530762,63.227000000000004,84.2734203338623
conv2d,323.56,251.65919876098633,16.063,14.24603271484375,339.623,265.9052314758301
relu,15.423,10.452791213989258,1.407,1.3049888610839844,16.83,11.757780075073242
batchnorm,26.111,27.44370460510254,12.415,14.10955810546875,38.525999999999996,41.55326271057129
conv2d,457.403,386.7298126220703,22.625,19.288455963134766,480.028,406.0182685852051
relu,17.567,16.034631729125977,1.247,1.1568775027990341,18.814,17.19150923192501
batchnorm,40.222,35.70567607879639,71.77,77.76069831848145,111.99199999999999,113.46637439727783
conv2d,317.737,252.55384063720703,14.654,13.945943832397461,332.391,266.4997844696045
relu,15.519,10.188539505004883,1.312,1.2215652465820312,16.831,11.410104751586914
batchnorm,26.846,27.28775978088379,12.223,13.14002799987793,39.069,40.42778778076172
conv2d,331.304,343.9342575073242,16.734,18.974464416503906,348.03799999999995,362.9087219238281
relu,13.663,11.959848403930664,1.312,1.1922740936279297,14.975,13.152122497558594
batchnorm,36.221,29.980143070220947,105.593,72.75392246246338,141.814,102.73406553268433
conv2d,318.186,243.88037490844727,14.141,14.270883560180664,332.327,258.15125846862793
relu,15.967,9.061899185180664,1.183,1.2027473449707031,17.150000000000002,10.264646530151367
batchnorm,26.814,26.613087336222332,25.535,12.219046274820963,52.349000000000004,38.8321336110433
conv2d,287.817,308.7789815266927,15.552,18.873711903889973,303.369,327.65269343058264
relu,10.623,8.852945327758789,1.376,1.3276100158691406,11.998999999999999,10.18055534362793
batchnorm,27.902,18.92778968811035,157.492,73.23357772827148,185.394,92.16136741638184
conv2d,317.128,224.2524871826172,14.719,16.222553253173828,331.847,240.47504043579102
relu,16.063,7.620188236236572,1.376,1.3394050598144531,17.439,8.959593296051025
batchnorm,27.006,26.15097999572754,27.966,11.178203582763672,54.972,37.32918357849121
conv2d,198.96,270.99066162109375,15.68,17.684185028076172,214.64000000000001,288.6748466491699
relu,8.159,6.781351566314697,7.072,1.2881221771240234,15.231000000000002,8.06947374343872
batchnorm,27.038,23.105440139770508,207.472,62.261054039001465,234.51000000000002,85.36649417877197
conv2d,314.984,220.97177505493164,15.04,15.093404769897461,330.024,236.0651798248291
relu,15.999,8.037554025650024,1.247,1.3096904754638672,17.246000000000002,9.347244501113892
batchnorm,26.846,25.196542739868164,27.87,13.61474609375,54.716,38.811288833618164
conv2d,195.218,204.27576446533203,15.838,18.833940505981445,211.05599999999998,223.10970497131348
relu,7.36,5.995645880699158,10.751,1.518625259399414,18.111,7.514271140098572
batchnorm,23.358,20.20432472229004,190.642,96.3855037689209,214.0,116.58982849121094
conv2d,321.031,209.39552688598633,14.752,17.336763381958008,335.783,226.73229026794434
relu,15.647,7.14116907119751,1.312,6.981740951538086,16.959,14.122910022735596
batchnorm,26.814,23.525407791137695,46.268,54.22808837890625,73.082,77.75349617004395
conv2d,158.613,147.89190292358398,32.861,29.73909854888916,191.474,177.63100147247314
relu,6.559,4.257242679595947,43.165,30.509464263916016,49.724,34.76670694351196
batchnorm,15.999,28.9805908203125,132.47,100.32617568969727,148.469,129.30676651000977
max_pool2d,98.586,172.27129364013672,4.895,2.143835703531901,103.481,174.4151293436686
relu,22.718,9.369531869888306,1.152,1.169677734375,23.87,10.539209604263306
batchnorm,45.404,52.99496841430664,95.897,83.09639167785645,141.30100000000002,136.0913600921631
conv2d,243.278,384.22300720214844,835.842,1130.3817138671875,1079.12,1514.604721069336
